{"mean": [-0.001048952826502126, -0.0011423025140928173, -0.001191087743297624, -0.0010499873513320314, -0.001104971707717632, -0.0011156954690725925], "scale": [0.5463618568087083, 0.5454722403499354, 0.5448845631125787, 0.5451541158187302, 0.5456731724268391, 0.5461592717227786]}